<?xml version="1.0" encoding="utf-8"?>
<extension type="module" client="site" method="upgrade">
	<name>Bears Pricing Tables</name>
	<author>N6REJ</author>
	<creationDate>2025 June 24</creationDate>
	<copyright>Copyright (C)2025 N6REJ</copyright>
	<license>GNU General Public License version 2 or later; see LICENSE</license>
	<authorEmail>troy@hallhome.us</authorEmail>
	<authorUrl>https://hallhome.us</authorUrl>
	<version>2025.06.24</version>
	<description><![CDATA[<link href="../modules/mod_bears_pricing_tables/css/admin.css" rel="stylesheet" type="text/css" media="all" />Pricing Tables module by Bear]]></description>
	<files>
		<filename module="mod_bears_pricing_tables">mod_bears_pricing_tables.php</filename>
		<filename>mod_bears_pricing_tables.xml</filename>
		<filename>helper.php</filename>
		<filename>License.txt</filename>
		<filename>index.html</filename>
		<folder>elements</folder>
		<folder>css</folder>
		<folder>tmpl</folder>
		<folder>language</folder>
	</files>
	<languages>
		<language tag="en-GB">language/en-GB/mod_bears_pricing_tables.ini</language>
		<language tag="en-GB">language/en-GB/mod_bears_pricing_tables.sys.ini</language>
	</languages>
	<config>
		<fields name="params" addfieldpath="/modules/mod_bears_pricing_tables/elements">

			<fieldset name="MOD_BEARS_GENERALSETTINGS">
				<!-- Template selection dropdown -->
				<field
						name="bears_template"
						type="list"
						default="white"
						label="MOD_BEARS_TEMPLATE_STYLE"
						description="MOD_BEARS_TEMPLATE_STYLE_DESC">
					<option value="1207">1 - Simple ( Blue on white - 1207)</option><!-- 1207 -->
					<option value="1214">2 - Small Title ( Small Title - 1214)</option><!-- 1214 -->
					<option value="1223">3 - Brown ( Offset Brown Coin Pricing - 1223)</option><!-- 1223 -->
					<option value="1240">4 - Dark Blue ( Blue Coin pricing - 1240)</option><!-- 1240 -->
					<option value="1255">5 - Icons ( Large Icons under title - 1255 )</option> <!-- 1255 -->
					<option value="1265">5 - Gold ( Left Large Icons - 1265 )</option> <!-- 1265 -->
					<option value="1276">6 - Default ( Large Center Accent - 1276)</option> <!-- 1276 -->
					<option value="1299">7 - Orange ( Header Accent - 1299)</option><!-- 1299 -->
					<option value="1404">8 - Purple ( Wedge Accent - 1404)</option><!-- 1404 -->
					<option value="1464">9 - Offset ( Small offset Accent - 1464)</option><!-- 1464 -->
					<option value="1517">10 - Rounded ( Blue Rounded - 1517)</option><!-- 1517 -->
					<option value="red">11 - Red version of default ( Large Accent - red)</option> <!-- 1276-red -->
					<option value="white">12 - White ( simple Black and White - white)</option><!-- custom -->
					<option value="green">13 - Green ( simple Green and White - Green)</option><!-- custom -->
					<option value="newborn">14 - Newborn ( simple Blue and White - newborn)</option><!-- custom -->

				</field>
				<field name="bears_num_columns" type="radio" default="3" label="MOD_BEARS_NUMCOLUMNS" description="MOD_BEARS_NUMCOLUMNS_DESC"
					   class="btn-group">
					<option value="1">1</option>
					<option value="2">2</option>
					<option value="3">3</option>
					<option value="4">4</option>
					<option value="5">5</option>
				</field>
				<field name="bears_column_margin_x" type="textpx" default="" label="MOD_BEARS_COLUMN_MARGINH" description="MOD_BEARS_COLUMN_MARGINH_DESC" />
				<field name="bears_column_margin_y" type="textpx" default="" label="MOD_BEARS_COLUMN_MARGINV" description="MOD_BEARS_COLUMN_MARGINV_DESC" />
				<field name="bears_border_style" type="radio" default="none" label="MOD_BEARS_BORDER_STYLE" description="MOD_BEARS_BORDER_STYLE_DESC"
					   class="btn-group">
					<option value="none">MOD_BEARS_BORDER_STYLE_NONE</option>
					<option value="solid">MOD_BEARS_BORDER_STYLE_SOLID</option>
					<option value="shadow">MOD_BEARS_BORDER_STYLE_SHADOW</option>
					<option value="both">MOD_BEARS_BORDER_STYLE_BOTH</option>
				</field>
				<field name="bears_featured_border_style" type="radio" default="none" label="MOD_BEARS_FEATURED_BORDER_STYLE" description="MOD_BEARS_FEATURED_BORDER_STYLE_DESC"
					   class="btn-group">
					<option value="none">MOD_BEARS_BORDER_STYLE_NONE</option>
					<option value="solid">MOD_BEARS_BORDER_STYLE_SOLID</option>
					<option value="shadow">MOD_BEARS_BORDER_STYLE_SHADOW</option>
					<option value="both">MOD_BEARS_BORDER_STYLE_BOTH</option>
				</field>
				<field name="bears_border_width" type="textpx" default="" label="MOD_BEARS_BORDER_WIDTH" description="MOD_BEARS_BORDER_WIDTH_DESC" />
				<field name="bears_featured_border_width" type="textpx" default="" label="MOD_BEARS_FEATURED_BORDER_WIDTH" description="MOD_BEARS_FEATURED_BORDER_WIDTH_DESC" />
			</fieldset>

			<fieldset name="MOD_BEARS_COLORS" label="COM_MODULES_MOD_BEARS_COLORS_FIELDSET_LABEL">
				<field name="bears_column_background" type="color" default="" label="MOD_BEARS_COLUMN_BACKGROUND" description="MOD_BEARS_COLUMN_BACKGROUND_DESC" />
				<field name="bears_column_featured_background" type="color" default="" label="MOD_BEARS_COLUMN_FEATURED_BACKGROUND" description="MOD_BEARS_COLUMN_FEATURED_BACKGROUND_DESC" />
				<field name="bears_header_background" type="color" default="" label="MOD_BEARS_HEADER_BACKGROUND" description="MOD_BEARS_HEADER_BACKGROUND_DESC" />
				<field name="bears_header_featured_background" type="color" default="" label="MOD_BEARS_HEADER_FEATURED_BACKGROUND" description="MOD_BEARS_HEADER_FEATURED_BACKGROUND_DESC" />
				<field name="bears_title_color" type="color" default="" label="MOD_BEARS_TITLE_COLOR" description="MOD_BEARS_TITLE_COLOR_DESC" />
				<field name="bears_price_color" type="color" default="" label="MOD_BEARS_PRICE_COLOR" description="MOD_BEARS_PRICE_COLOR_DESC" />
				<field name="bears_featured_price_color" type="color" default="" label="MOD_BEARS_FEATURED_PRICE_COLOR" description="MOD_BEARS_FEATURED_PRICE_COLOR_DESC" />
				<field name="bears_subtitle_color" type="color" default="" label="MOD_BEARS_SUBTITLE_COLOR" description="MOD_BEARS_SUBTITLE_COLOR_DESC" />
				<field name="bears_features_color" type="color" default="" label="MOD_BEARS_FEATURES_COLOR" description="MOD_BEARS_FEATURES_COLOR_DESC" />
				<field name="bears_featured_features_color" type="color" default="" label="MOD_BEARS_FEATURED_FEATURES_COLOR" description="MOD_BEARS_FEATURED_FEATURES_COLOR_DESC" />
				<field name="bears_border_color" type="color" default="" label="MOD_BEARS_BORDER_COLOR" description="MOD_BEARS_BORDER_COLOR_DESC" />
				<field name="bears_featured_border_color" type="color" default="" label="MOD_BEARS_FEATURED_BORDER_COLOR" description="MOD_BEARS_FEATURED_BORDER_COLOR_DESC" />
				<field name="bears_accent_color" type="color" default="" label="MOD_BEARS_ACCENT_COLOR" description="MOD_BEARS_ACCENT_COLOR_DESC" />
				<field name="bears_featured_accent_color" type="color" default="" label="MOD_BEARS_FEATURED_ACCENT_COLOR" description="MOD_BEARS_FEATURED_ACCENT_COLOR_DESC" />
				<field name="bears_button_text_color" type="color" default="" label="MOD_BEARS_BUTTON_TEXT_COLOR" description="MOD_BEARS_BUTTON_TEXT_COLOR_DESC" />
				<field name="bears_button_background_color" type="color" default="" label="MOD_BEARS_BUTTON_BACKGROUND_COLOR" description="MOD_BEARS_BUTTON_BACKGROUND_COLOR_DESC" />
				<field name="bears_button_hover_color" type="color" default="" label="MOD_BEARS_BUTTON_HOVER_COLOR" description="MOD_BEARS_BUTTON_HOVER_COLOR_DESC" />
			</fieldset>

			<fieldset name="MOD_BEARS_FONTS" label="COM_MODULES_MOD_BEARS_FONTS_FIELDSET_LABEL">
				<!-- Title Font Settings -->
				<field
						name="bears_title_font_family"
						type="text"
						default=""
						label="MOD_BEARS_TITLE_FONT_FAMILY"
						description="MOD_BEARS_TITLE_FONT_FAMILY_DESC"
				/>
				<field
						name="bears_title_font_weight"
						type="list"
						default=""
						label="MOD_BEARS_TITLE_FONT_WEIGHT"
						description="MOD_BEARS_TITLE_FONT_WEIGHT_DESC">
					<option value="">Inherited</option>
					<option value="300">Light (300)</option>
					<option value="400">Regular (400)</option>
					<option value="500">Medium (500)</option>
					<option value="600">Semi-Bold (600)</option>
					<option value="700">Bold (700)</option>
					<option value="800">Extra Bold (800)</option>
				</field>
				<field name="bears_title_font_size" type="textpx" default="" label="MOD_BEARS_TITLE_FONT_SIZE" description="MOD_BEARS_TITLE_FONT_SIZE_DESC" />
				
				<!-- Price Font Settings -->
				<field
						name="bears_price_font_family"
						type="text"
						default=""
						label="MOD_BEARS_PRICE_FONT_FAMILY"
						description="MOD_BEARS_PRICE_FONT_FAMILY_DESC"
				/>
				<field
						name="bears_price_font_weight"
						type="list"
						default=""
						label="MOD_BEARS_PRICE_FONT_WEIGHT"
						description="MOD_BEARS_PRICE_FONT_WEIGHT_DESC">
					<option value="">Inherited</option>
					<option value="300">Light (300)</option>
					<option value="400">Regular (400)</option>
					<option value="500">Medium (500)</option>
					<option value="600">Semi-Bold (600)</option>
					<option value="700">Bold (700)</option>
					<option value="800">Extra Bold (800)</option>
				</field>
				<field name="bears_price_font_size" type="textpx" default="" label="MOD_BEARS_PRICE_FONT_SIZE" description="MOD_BEARS_PRICE_FONT_SIZE_DESC" />
				
				<!-- Other Font Sizes -->
				<field name="bears_subtitle_font_size" type="textpx" default="" label="MOD_BEARS_SUBTITLE_FONT_SIZE" description="MOD_BEARS_SUBTITLE_FONT_SIZE_DESC" />
				<field name="bears_features_font_size" type="textpx" default="" label="MOD_BEARS_FEATURES_FONT_SIZE" description="MOD_BEARS_FEATURES_FONT_SIZE_DESC" />
				<field name="bears_button_font_size" type="textpx" default="" label="MOD_BEARS_BUTTON_FONT_SIZE" description="MOD_BEARS_BUTTON_FONT_SIZE_DESC" />
			</fieldset>

			<fieldset name="column1">
				<field name="bears_title1" type="text" size="60" default="" label="MOD_BEARS_TITLE" description="MOD_BEARS_TITLE_DESC" />
				<field name="bears_price1" type="text" filter="raw" default="" label="MOD_BEARS_PRICE" description="MOD_BEARS_PRICE_DESC" />
				<field name="bears_subtitle1" type="text" filter="raw" default="" label="MOD_BEARS_SUBTITLE" description="MOD_BEARS_SUBTITLE_DESC" />
				<field name="bears_features1" type="subform" formsource="modules/mod_bears_pricing_tables/elements/feature.xml" class="advancedSelect" min="1" max="50" multiple="true" layout="joomla.form.field.subform.repeatable" groupByFieldset="true" label="MOD_BEARS_FEATURES" description="MOD_BEARS_FEATURES_DESC" />
				<field name="bears_column_featured1" type="radio" default="no" label="MOD_BEARS_FEATURED_COLUMN" description="MOD_BEARS_FEATURED_COLUMN_DESC"
					   class="btn-group btn-group-yesno">
					<option value="no">JNO</option>
					<option value="yes">JYES</option>
				</field>
				<field name="bears_buttontext1" type="text" default="" label="MOD_BEARS_BUTTONTEXT" description="MOD_BEARS_BUTTONTEXT_DESC" />
				<field name="bears_buttonurl1" type="text" default="" label="MOD_BEARS_BUTTONURL" description="MOD_BEARS_BUTTONURL_DESC" />
				<field name="bears_header_icon_class1" type="text" default="" label="MOD_BEARS_HEADER_ICON_CLASS" description="MOD_BEARS_HEADER_ICON_CLASS_DESC" />
				<field name="bears_header_icon_color1" type="color" default="" label="MOD_BEARS_HEADER_ICON_COLOR" description="MOD_BEARS_HEADER_ICON_COLOR_DESC" />
				<field name="bears_header_icon_size1" type="textpx" default="" label="MOD_BEARS_HEADER_ICON_SIZE" description="MOD_BEARS_HEADER_ICON_SIZE_DESC" />
				<field name="bears_header_icon_position1" type="list" default="top-center" label="MOD_BEARS_HEADER_ICON_POSITION" description="MOD_BEARS_HEADER_ICON_POSITION_DESC">
					<option value="top-left">Top Left</option>
					<option value="top-center">Top Center</option>
					<option value="top-right">Top Right</option>
					<option value="price-left">Price Left</option>
					<option value="price-right">Price Right</option>
					<option value="bottom-left">Bottom Left</option>
					<option value="bottom-center">Bottom Center</option>
					<option value="bottom-right">Bottom Right</option>
				</field>
				<field name="bears_features_icon_class1" type="text" default="" label="MOD_BEARS_FEATURES_ICON_CLASS" description="MOD_BEARS_FEATURES_ICON_CLASS_DESC" />
				<field name="bears_features_icon_color1" type="color" default="" label="MOD_BEARS_FEATURES_ICON_COLOR" description="MOD_BEARS_FEATURES_ICON_COLOR_DESC" />
			</fieldset>

			<fieldset name="column2">
				<field name="bears_title2" type="text" size="60" default="" label="MOD_BEARS_TITLE" description="MOD_BEARS_TITLE_DESC" />
				<field name="bears_price2" type="text" filter="raw" default="" label="MOD_BEARS_PRICE" description="MOD_BEARS_PRICE_DESC" />
				<field name="bears_subtitle2" type="text" filter="raw" default="" label="MOD_BEARS_SUBTITLE" description="MOD_BEARS_SUBTITLE_DESC" />
				<field name="bears_features2" type="subform" formsource="modules/mod_bears_pricing_tables/elements/feature.xml" class="advancedSelect" min="1" max="50" multiple="true" layout="joomla.form.field.subform.repeatable" groupByFieldset="true" label="MOD_BEARS_FEATURES" description="MOD_BEARS_FEATURES_DESC" />
				<field name="bears_column_featured2" type="radio" default="no" label="MOD_BEARS_FEATURED_COLUMN" description="MOD_BEARS_FEATURED_COLUMN_DESC"
					   class="btn-group btn-group-yesno">
					<option value="no">JNO</option>
					<option value="yes">JYES</option>
				</field>
				<field name="bears_buttontext2" type="text" default="" label="MOD_BEARS_BUTTONTEXT" description="MOD_BEARS_BUTTONTEXT_DESC" />
				<field name="bears_buttonurl2" type="text" default="" label="MOD_BEARS_BUTTONURL" description="MOD_BEARS_BUTTONURL_DESC" />
				<field name="bears_header_icon_class2" type="text" default="" label="MOD_BEARS_HEADER_ICON_CLASS" description="MOD_BEARS_HEADER_ICON_CLASS_DESC" />
				<field name="bears_header_icon_color2" type="color" default="" label="MOD_BEARS_HEADER_ICON_COLOR" description="MOD_BEARS_HEADER_ICON_COLOR_DESC" />
				<field name="bears_header_icon_size2" type="textpx" default="" label="MOD_BEARS_HEADER_ICON_SIZE" description="MOD_BEARS_HEADER_ICON_SIZE_DESC" />
				<field name="bears_header_icon_position2" type="list" default="top-center" label="MOD_BEARS_HEADER_ICON_POSITION" description="MOD_BEARS_HEADER_ICON_POSITION_DESC">
					<option value="top-left">Top Left</option>
					<option value="top-center">Top Center</option>
					<option value="top-right">Top Right</option>
					<option value="price-left">Price Left</option>
					<option value="price-right">Price Right</option>
					<option value="bottom-left">Bottom Left</option>
					<option value="bottom-center">Bottom Center</option>
					<option value="bottom-right">Bottom Right</option>
				</field>
				<field name="bears_features_icon_class2" type="text" default="" label="MOD_BEARS_FEATURES_ICON_CLASS" description="MOD_BEARS_FEATURES_ICON_CLASS_DESC" />
				<field name="bears_features_icon_color2" type="color" default="" label="MOD_BEARS_FEATURES_ICON_COLOR" description="MOD_BEARS_FEATURES_ICON_COLOR_DESC" />
			</fieldset>

			<fieldset name="column3">
				<field name="bears_title3" type="text" size="60" default="" label="MOD_BEARS_TITLE" description="MOD_BEARS_TITLE_DESC" />
				<field name="bears_price3" type="text" filter="raw" default="" label="MOD_BEARS_PRICE" description="MOD_BEARS_PRICE_DESC" />
				<field name="bears_subtitle3" type="text" filter="raw" default="" label="MOD_BEARS_SUBTITLE" description="MOD_BEARS_SUBTITLE_DESC" />
				<field name="bears_features3" type="subform" formsource="modules/mod_bears_pricing_tables/elements/feature.xml" class="advancedSelect" min="1" max="50" multiple="true" layout="joomla.form.field.subform.repeatable" groupByFieldset="true" label="MOD_BEARS_FEATURES" description="MOD_BEARS_FEATURES_DESC" />
				<field name="bears_column_featured3" type="radio" default="yes" label="MOD_BEARS_FEATURED_COLUMN" description="MOD_BEARS_FEATURED_COLUMN_DESC"
					   class="btn-group btn-group-yesno">
					<option value="no">JNO</option>
					<option value="yes">JYES</option>
				</field>
				<field name="bears_buttontext3" type="text" default="" label="MOD_BEARS_BUTTONTEXT" description="MOD_BEARS_BUTTONTEXT_DESC" />
				<field name="bears_buttonurl3" type="text" default="" label="MOD_BEARS_BUTTONURL" description="MOD_BEARS_BUTTONURL_DESC" />
				<field name="bears_header_icon_class3" type="text" default="" label="MOD_BEARS_HEADER_ICON_CLASS" description="MOD_BEARS_HEADER_ICON_CLASS_DESC" />
				<field name="bears_header_icon_color3" type="color" default="" label="MOD_BEARS_HEADER_ICON_COLOR" description="MOD_BEARS_HEADER_ICON_COLOR_DESC" />
				<field name="bears_header_icon_size3" type="textpx" default="" label="MOD_BEARS_HEADER_ICON_SIZE" description="MOD_BEARS_HEADER_ICON_SIZE_DESC" />
				<field name="bears_header_icon_position3" type="list" default="top-center" label="MOD_BEARS_HEADER_ICON_POSITION" description="MOD_BEARS_HEADER_ICON_POSITION_DESC">
					<option value="top-left">Top Left</option>
					<option value="top-center">Top Center</option>
					<option value="top-right">Top Right</option>
					<option value="price-left">Price Left</option>
					<option value="price-right">Price Right</option>
					<option value="bottom-left">Bottom Left</option>
					<option value="bottom-center">Bottom Center</option>
					<option value="bottom-right">Bottom Right</option>
				</field>
				<field name="bears_features_icon_class3" type="text" default="" label="MOD_BEARS_FEATURES_ICON_CLASS" description="MOD_BEARS_FEATURES_ICON_CLASS_DESC" />
				<field name="bears_features_icon_color3" type="color" default="" label="MOD_BEARS_FEATURES_ICON_COLOR" description="MOD_BEARS_FEATURES_ICON_COLOR_DESC" />
			</fieldset>

			<fieldset name="column4">
				<field name="bears_title4" type="text" size="60" default="" label="MOD_BEARS_TITLE" description="MOD_BEARS_TITLE_DESC" />
				<field name="bears_price4" type="text" filter="raw" default="" label="MOD_BEARS_PRICE" description="MOD_BEARS_PRICE_DESC" />
				<field name="bears_subtitle4" type="text" filter="raw" default="" label="MOD_BEARS_SUBTITLE" description="MOD_BEARS_SUBTITLE_DESC" />
				<field name="bears_features4" type="subform" formsource="modules/mod_bears_pricing_tables/elements/feature.xml" class="advancedSelect" min="1" max="50" multiple="true" layout="joomla.form.field.subform.repeatable" groupByFieldset="true" label="MOD_BEARS_FEATURES" description="MOD_BEARS_FEATURES_DESC" />
				<field name="bears_column_featured4" type="radio" default="no" label="MOD_BEARS_FEATURED_COLUMN" description="MOD_BEARS_FEATURED_COLUMN_DESC"
					   class="btn-group btn-group-yesno">
					<option value="no">JNO</option>
					<option value="yes">JYES</option>
				</field>
				<field name="bears_buttontext4" type="text" default="" label="MOD_BEARS_BUTTONTEXT" description="MOD_BEARS_BUTTONTEXT_DESC" />
				<field name="bears_buttonurl4" type="text" default="" label="MOD_BEARS_BUTTONURL" description="MOD_BEARS_BUTTONURL_DESC" />
				<field name="bears_header_icon_class4" type="text" default="" label="MOD_BEARS_HEADER_ICON_CLASS" description="MOD_BEARS_HEADER_ICON_CLASS_DESC" />
				<field name="bears_header_icon_color4" type="color" default="" label="MOD_BEARS_HEADER_ICON_COLOR" description="MOD_BEARS_HEADER_ICON_COLOR_DESC" />
				<field name="bears_header_icon_size4" type="textpx" default="" label="MOD_BEARS_HEADER_ICON_SIZE" description="MOD_BEARS_HEADER_ICON_SIZE_DESC" />
				<field name="bears_header_icon_position4" type="list" default="top-center" label="MOD_BEARS_HEADER_ICON_POSITION" description="MOD_BEARS_HEADER_ICON_POSITION_DESC">
					<option value="top-left">Top Left</option>
					<option value="top-center">Top Center</option>
					<option value="top-right">Top Right</option>
					<option value="price-left">Price Left</option>
					<option value="price-right">Price Right</option>
					<option value="bottom-left">Bottom Left</option>
					<option value="bottom-center">Bottom Center</option>
					<option value="bottom-right">Bottom Right</option>
				</field>
				<field name="bears_features_icon_class4" type="text" default="" label="MOD_BEARS_FEATURES_ICON_CLASS" description="MOD_BEARS_FEATURES_ICON_CLASS_DESC" />
				<field name="bears_features_icon_color4" type="color" default="" label="MOD_BEARS_FEATURES_ICON_COLOR" description="MOD_BEARS_FEATURES_ICON_COLOR_DESC" />
			</fieldset>

			<fieldset name="column5">
				<field name="bears_title5" type="text" size="60" default="" label="MOD_BEARS_TITLE" description="MOD_BEARS_TITLE_DESC" />
				<field name="bears_price5" type="text" filter="raw" default="" label="MOD_BEARS_PRICE" description="MOD_BEARS_PRICE_DESC" />
				<field name="bears_subtitle5" type="text" filter="raw" default="" label="MOD_BEARS_SUBTITLE" description="MOD_BEARS_SUBTITLE_DESC" />
				<field name="bears_features5" type="subform" formsource="modules/mod_bears_pricing_tables/elements/feature.xml" class="advancedSelect" min="1" max="50" multiple="true" layout="joomla.form.field.subform.repeatable" groupByFieldset="true" label="MOD_BEARS_FEATURES" description="MOD_BEARS_FEATURES_DESC" />
				<field name="bears_column_featured5" type="radio" default="no" label="MOD_BEARS_FEATURED_COLUMN" description="MOD_BEARS_FEATURED_COLUMN_DESC"
					   class="btn-group btn-group-yesno">
					<option value="no">JNO</option>
					<option value="yes">JYES</option>
				</field>
				<field name="bears_buttontext5" type="text" default="" label="MOD_BEARS_BUTTONTEXT" description="MOD_BEARS_BUTTONTEXT_DESC" />
				<field name="bears_buttonurl5" type="text" default="" label="MOD_BEARS_BUTTONURL" description="MOD_BEARS_BUTTONURL_DESC" />
				<field name="bears_header_icon_class5" type="text" default="" label="MOD_BEARS_HEADER_ICON_CLASS" description="MOD_BEARS_HEADER_ICON_CLASS_DESC" />
				<field name="bears_header_icon_color5" type="color" default="" label="MOD_BEARS_HEADER_ICON_COLOR" description="MOD_BEARS_HEADER_ICON_COLOR_DESC" />
				<field name="bears_header_icon_size5" type="textpx" default="" label="MOD_BEARS_HEADER_ICON_SIZE" description="MOD_BEARS_HEADER_ICON_SIZE_DESC" />
				<field name="bears_header_icon_position5" type="list" default="top-center" label="MOD_BEARS_HEADER_ICON_POSITION" description="MOD_BEARS_HEADER_ICON_POSITION_DESC">
					<option value="top-left">Top Left</option>
					<option value="top-center">Top Center</option>
					<option value="top-right">Top Right</option>
					<option value="price-left">Price Left</option>
					<option value="price-right">Price Right</option>
					<option value="bottom-left">Bottom Left</option>
					<option value="bottom-center">Bottom Center</option>
					<option value="bottom-right">Bottom Right</option>
				</field>
				<field name="bears_features_icon_class5" type="text" default="" label="MOD_BEARS_FEATURES_ICON_CLASS" description="MOD_BEARS_FEATURES_ICON_CLASS_DESC" />
				<field name="bears_features_icon_color5" type="color" default="" label="MOD_BEARS_FEATURES_ICON_COLOR" description="MOD_BEARS_FEATURES_ICON_COLOR_DESC" />
			</fieldset>
			<fieldset name="advanced">
				<field
						name="moduleclass_sfx"
						type="text"
						label="COM_MODULES_FIELD_MODULECLASS_SFX_LABEL"
						description="COM_MODULES_FIELD_MODULECLASS_SFX_DESC" />

				<field
						name="cache"
						type="list"
						default="1"
						label="COM_MODULES_FIELD_CACHING_LABEL"
						description="COM_MODULES_FIELD_CACHING_DESC">
					<option
							value="1">JGLOBAL_USE_GLOBAL</option>
					<option
							value="0">COM_MODULES_FIELD_VALUE_NOCACHING</option>
				</field>

				<field
						name="cache_time"
						type="text"
						default="900"
						label="COM_MODULES_FIELD_CACHE_TIME_LABEL"
						description="COM_MODULES_FIELD_CACHE_TIME_DESC" />
				<field
						name="cachemode"
						type="hidden"
						default="static">
					<option
							value="static">
					</option>
				</field>
			</fieldset>
		</fields>
	</config>
	<updateservers>
		<server type="extension" priority="1" name="Bears Pricing Tables Updates">https://raw.githubusercontent.com/N6REJ/mod_bears_pricing_tables/main/updates.xml</server>
	</updateservers>
</extension>
